<?xml version="1.0" encoding="UTF-8"?>
<project-private xmlns="http://www.netbeans.org/ns/project-private/1">
    <editor-bookmarks xmlns="http://www.netbeans.org/ns/editor-bookmarks/2" lastBookmarkId="0"/>
    <open-files xmlns="http://www.netbeans.org/ns/projectui-open-files/2">
        <group>
            <file>file:/D:/KIET's%20Folder/CODE/UIT/Second_year/Semester%202/IS216_Programming_with_Java/Lab/Lab5/KhamBenh/src/View/KhamBenh.java</file>
            <file>file:/D:/KIET's%20Folder/CODE/UIT/Second_year/Semester%202/IS216_Programming_with_Java/Lab/Lab5/KhamBenh/src/Controller/KhamBenhController.java</file>
            <file>file:/D:/KIET's%20Folder/CODE/UIT/Second_year/Semester%202/IS216_Programming_with_Java/Lab/Lab5/KhamBenh/src/Controller/BacSiController.java</file>
            <file>file:/D:/KIET's%20Folder/CODE/UIT/Second_year/Semester%202/IS216_Programming_with_Java/Lab/Lab5/KhamBenh/src/Model/BenhNhanModel.java</file>
            <file>file:/D:/KIET's%20Folder/CODE/UIT/Second_year/Semester%202/IS216_Programming_with_Java/Lab/Lab5/KhamBenh/src/Controller/DichVuController.java</file>
        </group>
    </open-files>
</project-private>
